MonthDay,2000,2001,2002,2003,2004,2005,2006,2007,2008,2009,2010,2011,2012,2013,2014,2015,2016,2017,2018,2019,2020,2021,2022,2023,2024,2025
01-Jan,,0.27,0.06,0.3,0.02,0.28,0.09,0.56,0.28,0.5,0.25,0.31,0.29,0.22,0.29,0.29,0.04,0.3,0.14,0.1,0.48,0.85,0.17,0.01,0.32,0.11
02-Jan,,0.27,0.14,0.32,0.17,0.28,2.29,2.27,0.24,0.27,1.04,0.26,0.29,0.3,0.31,0.29,0.29,0.29,0.28,0.1,0.81,0.2,0.17,1.34,0.28,0.19
03-Jan,,0.27,0.73,0.28,1.98,0.28,0.1,1.99,0.24,0.22,0.24,0.35,0.29,0.33,0.29,0.29,0.16,0.29,0.47,1.19,1.86,0.45,0.17,2.64,0.28,0.84
04-Jan,,0.27,3.15,0.28,0.8,0.28,0,0.03,0.46,0.22,0.22,0.26,0.29,0.46,0.29,0.29,0.69,0.29,0.53,0.29,0.93,0.42,0.83,1.19,0.28,0.24
05-Jan,,0.37,0.29,0.28,2.3,0.34,0.01,0.07,0.25,0.25,0.22,0.28,0.29,0.23,0.29,0.29,0.8,0.29,0.41,0.28,0.16,0.19,3.81,0.03,0.45,0.11
06-Jan,,0.05,0.16,0.14,0.34,0.13,0.09,0.13,0.07,0.13,0.02,0.08,0.04,0.14,0.14,0.16,0.08,0.14,0.03,0,3.28,0.12,0.72,0.07,0.29,0.14
07-Jan,,1.53,0.52,0.14,0.15,0.2,0.47,0.14,0.07,0.13,0.02,0.07,0.04,0.13,0.13,0.13,0.24,0.13,0.03,0.11,11.95,0.12,0.1,0.07,0.12,0.14
08-Jan,,1.4,0.17,0.14,0.23,0.09,0.08,0.14,0.07,0.13,0.02,0.18,0.04,0.14,0.14,0.13,0.04,0.13,0.03,0.47,5.99,0.12,0.13,0.43,0.09,0.14
09-Jan,,3.13,0.02,0.14,0.04,0.09,0.19,0.13,0.21,0.13,0.03,1.87,0.04,0.13,0.13,0.13,0.03,0.13,0.04,0.08,0.11,0.12,0.22,0.09,0.09,0.14
10-Jan,,5.85,0.03,0.14,0.03,0.17,0.1,0.14,0.25,0.16,0.82,0.06,1.52,0.14,0.13,0.13,9.32,0.13,0.55,0.12,0.47,0.21,0.09,0.21,0.09,0.14
11-Jan,,0.21,0,0.03,0.01,0.02,0.05,0.01,1.03,0.01,0.17,0.03,0.05,0,0.03,0.04,3.37,0.03,0.22,0.02,0.03,0.1,0.03,0.04,0.02,0.03
12-Jan,,0.01,0.07,0.03,0.85,0.02,0.06,0.02,0.33,0.01,0.01,0.03,0.03,0.32,0.03,0.03,0.03,0.03,0.03,0.01,0.76,0.02,0.03,0.04,0.02,0.05
13-Jan,,0.04,0.5,0.03,0.61,0.04,0.09,0.03,0.41,0.22,0.01,0.03,0.03,0,0.03,0.03,0.01,0.03,0.21,0.01,10.11,0.02,0.03,0.03,0.1,0.03
14-Jan,,0,0.1,0.04,0.3,0.07,0.05,0.82,0.14,0.33,0.01,0.03,0.03,0.16,0.03,0.03,,0.03,0.03,0.19,0.4,0.02,0.03,0.03,0.02,0.03
15-Jan,,0,1.79,0.03,0.21,0.02,0.03,1.06,4.82,0.39,0.03,0.03,0.03,0.07,0.07,0.03,0.03,0.03,0.12,0.2,0,0.02,0.03,0.03,0.03,0.03
16-Jan,,0,0.93,0,1,0,0.01,0.04,0.22,0.31,0,0.01,0,0.07,0,0.01,0.01,0,0.2,0,0,0,0,0.01,0.07,0
17-Jan,,0,0.1,0.04,0.02,0,0.04,0,2.17,0.11,0,0.01,0,0.01,0,0.01,0,0,0.05,0,0,0,0.81,0,1.82,0.01
18-Jan,,0,0.17,0.14,0.04,0,0.01,0.11,0.37,0,0,0.01,0,0,0,0.01,0,0,0.05,0,0,0,2.33,0,4.8,0
19-Jan,,0,0.01,0,0,0.01,0.08,0,0.77,0,0,0.01,0,0,0,0.01,0,0,0.05,0,0.01,0,0.16,0,0.56,0
20-Jan,,0.01,0,0,0.01,0,0.08,0,2.32,0,0,0.02,0,0,0.01,0.05,0.01,0,0.05,0,0,0,0.06,0,0.95,0
21-Jan,,0.56,0,0.01,0.01,0,0.15,0,0.21,0.01,0,0,0,0,0,0,0.02,0,0,0.01,0,0.93,4.45,0,0.02,0
22-Jan,,2.07,0,0.01,0.02,0,0.01,0,0.07,0.14,0,0.21,0,0,0,0.02,0.01,0,0,0.01,0.01,0.55,1.54,0.89,0.01,0
23-Jan,,0.01,0.36,0.15,0.04,0,0,0,0.03,0.01,0.01,2.3,0,0,0.01,0,0,0,0,0.01,0.19,0.03,0.59,0.01,0.01,0
24-Jan,,0.27,7.09,0.26,0.03,0.01,0,0.01,0.01,0,0,0.08,0,0,0,0,0,0,0,0.01,1.42,0.11,0.07,0,0.01,0
25-Jan,,0.02,0.07,0.01,0.01,0,0,0.05,0.01,0,0,0.01,0.01,0,0,0,0,0,0,0.01,3.47,0,0.07,0,0.2,0
26-Jan,,0.02,0.42,0,0.12,0.02,0,0,0.09,1.1,0,0.02,0,0.01,0,0,0,0,0.01,0,8.51,0,0,0,0.01,0
27-Jan,,0.09,0.45,0,0.01,0,0,0.01,5.73,0.08,0,0,0,0,0,0,0.01,0,0.01,0,3.96,0,0,0,0,0
28-Jan,,0.02,0.19,0,0.21,0.01,0.01,0,0.14,0.09,0,0,0.01,0,0,0,0.01,0,0.01,0,0.67,0,0,0,0,0.01
29-Jan,,0,0.01,0,3.47,0.32,0,0,0.02,0,0,0,0.02,0,0,0,0,0.01,0.01,0,1,0.01,0,0.01,0,0.01
30-Jan,,0,0.01,0,1.24,0.02,0.01,0.01,0.03,0,0.01,0,0.01,0,0.01,0,0.01,0,0.01,0,0.13,0,0,0,0.01,0
31-Jan,,0,0.01,0.01,0.46,0.02,0,0,0.05,0,0.01,0,0,0,0,0,,0.07,0.01,0,0.01,0,0,0,0.01,0.01
01-Feb,,,,,,,,,,,,,,,,,,,,,,,,,,
02-Feb,,,,,,,,,,,,,,,,,,,,,,,,,,
03-Feb,,,,,,,,,,,,,,,,,,,,,,,,,,
04-Feb,,,,,,,,,,,,,,,,,,,,,,,,,,
05-Feb,,,,,,,,,,,,,,,,,,,,,,,,,,
06-Feb,,,,,,,,,,,,,,,,,,,,,,,,,,
07-Feb,,,,,,,,,,,,,,,,,,,,,,,,,,
08-Feb,,,,,,,,,,,,,,,,,,,,,,,,,,
09-Feb,,,,,,,,,,,,,,,,,,,,,,,,,,
10-Feb,,,,,,,,,,,,,,,,,,,,,,,,,,
11-Feb,,,,,,,,,,,,,,,,,,,,,,,,,,
12-Feb,,,,,,,,,,,,,,,,,,,,,,,,,,
13-Feb,,,,,,,,,,,,,,,,,,,,,,,,,,
14-Feb,,,,,,,,,,,,,,,,,,,,,,,,,,
15-Feb,,,,,,,,,,,,,,,,,,,,,,,,,,
16-Feb,,,,,,,,,,,,,,,,,,,,,,,,,,
17-Feb,,,,,,,,,,,,,,,,,,,,,,,,,,
18-Feb,,,,,,,,,,,,,,,,,,,,,,,,,,
19-Feb,,,,,,,,,,,,,,,,,,,,,,,,,,
20-Feb,,,,,,,,,,,,,,,,,,,,,,,,,,
21-Feb,,,,,,,,,,,,,,,,,,,,,,,,,,
22-Feb,,,,,,,,,,,,,,,,,,,,,,,,,,
23-Feb,,,,,,,,,,,,,,,,,,,,,,,,,,
24-Feb,,,,,,,,,,,,,,,,,,,,,,,,,,
25-Feb,,,,,,,,,,,,,,,,,,,,,,,,,,
26-Feb,,,,,,,,,,,,,,,,,,,,,,,,,,
27-Feb,,,,,,,,,,,,,,,,,,,,,,,,,,
28-Feb,,,,,,,,,,,,,,,,,,,,,,,,,,
29-Feb,,,,,,,,,,,,,,,,,,,,,,,,,,
01-Mar,,0.17,1.89,0.12,0.17,0.22,0.12,4,0.17,0.11,4.76,0.17,0.37,0.17,0.16,0.16,2.95,0.17,1.91,0.24,0.02,0.17,0.17,0.17,0.05,0.18
02-Mar,,0.17,1.59,0.12,0.12,0.16,0.33,2.19,0.26,0.4,15.46,0.2,0.16,0.18,0.16,0.16,0.13,0.17,4.55,0.24,0.49,0.17,0.17,0.17,0.05,0.17
03-Mar,,0.17,2.4,0.14,0.16,0.18,0.85,2.73,0.14,0.14,0.09,0.17,0.15,0.17,0.16,0.16,0.06,0.17,9.63,0.27,0.94,0.17,0.17,0.17,0.05,0.17
04-Mar,,0.17,8.51,0.37,0.28,0.12,0.06,0.07,0.15,0.12,0.04,0.17,1.18,0.17,0.19,0.18,0.62,0.17,38.87,1.63,0.58,0.18,0.17,0.17,0.06,0.17
05-Mar,,0.19,3.27,0.13,0.19,0.19,0.03,0.28,0.69,0.11,0.06,0.17,0.85,0.18,0.24,0.2,0.6,0.17,0.8,0.25,10.57,0.17,0.17,0.17,1.65,0.17
06-Mar,,0.57,0.49,0.17,0.08,0.19,0.21,0.53,0.63,0.14,2.53,0.2,0.05,0.41,0.16,0.2,0.2,0.19,1.59,0.22,1.28,0.16,0.2,0.2,0.04,0.07
07-Mar,,0.11,0.66,0.17,0.06,0.23,0.18,0.94,1.06,0.32,13.88,0.2,0.35,3.09,0.18,0.2,0.19,0.19,0.75,0.19,1.68,0.16,0.2,0.2,4.41,0.07
08-Mar,,0.17,0.13,0.19,0.18,0.19,0.1,0.54,0.82,0.22,5.86,0.2,1.39,0.78,0.15,0.2,0.73,0.19,1.09,0.19,6.46,0.16,0.2,0.2,2.16,0.17
09-Mar,,0.06,0.13,0.27,0.67,0.2,0.54,0.53,1.13,0.15,1.67,0.2,0.03,0.39,0.16,0.2,8.16,0.21,0.16,0.19,0.75,0.17,0.2,0.2,0.27,0.23
10-Mar,,0.06,0.19,0.18,0.41,0.18,0.38,3.73,0.03,0.14,0.73,0.2,0.05,0.27,0.34,0.2,2.63,0.19,0.23,0.19,1.67,0.76,0.2,0.2,0.03,3.4
11-Mar,,0.08,0.14,0.1,0.11,0.07,0.62,0.25,0.16,0.43,0,0.1,0.13,0.01,0.24,0.13,0.15,0.13,0,0.13,0.67,0.12,0.13,0.06,0.11,1.87
12-Mar,,1.38,0.32,0.1,0.14,0.31,0.45,0.95,0.13,0.07,0.01,0.15,0.12,1.5,1.21,0.13,0.13,0.13,0.1,0.13,0.15,0.12,0.13,0.06,0.12,1.49
13-Mar,,0.08,1.87,0.22,0.27,0.13,0.12,0.13,0.31,0.04,0.29,0.1,0.12,0.53,3.38,0.13,0.13,0.13,4.91,0.13,0.25,0.12,0.13,0.1,0.72,0.02
14-Mar,,0.08,0.07,0.07,0.1,0.07,0.97,0.5,0.33,0.05,0,0.16,0.12,2.05,12.09,0.13,0.13,0.13,1.5,0.13,0.12,0.12,0.13,0.33,0.17,0.02
15-Mar,,0.09,0.3,0.2,0.08,0.06,5.1,0.45,0.12,0.05,11.9,0.13,0.12,0.03,9.93,0.13,0.13,0.13,29.69,0.13,0.32,0.16,0.13,3.38,0.11,0.02
16-Mar,,0.08,0.06,0.07,0.04,0.01,0.94,6.66,0.46,0.06,7.27,0.08,0.08,0.22,3.5,0.05,0.08,0.1,18.95,0.08,0.17,0.19,0.08,3.77,0.05,0.79
17-Mar,,0.17,0.03,0.07,0.04,0.01,4.23,0.39,0.09,0.06,0.15,0.17,0.08,0.29,1.91,0.06,0.08,0.09,0.19,0.08,0.25,0.22,0.08,0.14,0.36,1.65
18-Mar,,0.1,0.03,0.11,0.13,0.37,0.14,0.47,0.55,0.06,0.11,0.08,0.08,0.34,0.74,0.12,0.09,0.99,3.89,0.08,5.32,0.28,0.08,0.44,0.57,0.51
19-Mar,,0.49,0.61,0.07,0.07,0.06,0.67,0.34,0.55,0.08,3.69,0.08,0.08,12.81,0.03,0.05,0.08,0.34,0.91,0.08,0.7,0.07,0.08,0.26,0.06,0.92
20-Mar,,0.49,0.59,0.07,0.11,0.09,4.31,4.59,5.88,0.14,15.08,0.08,0.08,13.69,0,0.11,0.08,1.03,6.72,0.08,0.26,0.15,0.08,9.82,0.18,6.96
21-Mar,,0.26,0.21,0.06,0.03,0.99,1.43,0.99,12.84,0.02,5.92,0.02,0.02,2.98,0.01,0,0.02,0.06,0.4,0.02,0.02,0.03,0.42,4.08,0.02,0.81
22-Mar,,0.05,0.01,0.18,0.04,2.07,0.11,0.75,6.2,0.02,2.16,0.02,0.02,1.3,0.06,6.2,0.04,0.66,0.5,0.02,1.32,0.3,0.42,1.96,0.23,0.61
23-Mar,,0.09,0.06,0.61,0.06,0.18,0.22,0.17,20.34,0.02,0.47,0.03,0.02,0.18,0.01,2.25,0.02,0.03,0.05,0.02,4.63,1.78,0.43,8.27,1.6,1.34
24-Mar,,5.69,0.19,2.5,0.02,0.25,0.44,0.12,7.2,0.03,1.93,0.49,0.02,2.08,0.74,2.97,,0.01,0.44,0.03,2.89,0.25,1.55,1.89,7.28,4
25-Mar,,10.41,0.01,1.37,0.02,0.87,2.73,0.41,1.14,0.02,6.9,0.03,0.02,2.06,20.51,11.25,0.02,0.01,5.88,0.02,0.72,0.02,8.24,5.65,2.45,6.06
26-Mar,,12.82,3.76,4.23,0.11,0.09,0.73,0.11,4.98,0.01,2.53,0.01,0.01,10.92,6.27,8.73,0.01,0.02,0.24,0.07,18.7,0.03,0.2,19.69,0.16,5.13
27-Mar,,6.51,1.08,0.8,0.3,0.02,0.01,0.03,12.1,0.33,2.35,0.03,0.01,3.35,9.93,0.97,0.01,0.18,2.68,8.81,13.49,0.07,0.97,0.77,1.13,11.31
28-Mar,,0.23,0.55,0.09,1.98,0.09,0.02,0.04,2.02,0.72,13.33,0.06,0.01,26.81,0.05,0.12,0.01,0.06,9.87,1.71,12.93,0.18,0.15,2.62,0.18,21.08
29-Mar,,2.11,0.02,12.19,0.84,0.01,0.06,0.02,3.33,0.4,5.76,0.01,0.01,5.07,0.3,0.11,0.01,0.03,1.72,0.06,1.9,0.05,0.17,0.4,5.39,0.26
30-Mar,,2.76,0.05,15.04,1.56,0.51,0.01,0.16,1.79,0.15,3.14,0.1,0.01,0.92,0.16,0.02,0.01,0.06,0.97,0.01,8.5,0.03,0.75,0.24,1.42,3.74
31-Mar,,3.2,10.22,1.33,0.35,0.06,0.17,0.02,3.35,0.02,4.85,0.03,0.08,11.35,0.67,2.32,0.01,0.01,0.36,0.01,3.08,1.28,1,2.28,3.15,0.54
01-Apr,,1.6,10.8,0.15,2.06,0.07,0.94,0.02,0.37,0.21,20.33,0.04,0.23,17.65,1.75,1.8,0.05,0.01,1,0.04,1.81,1.53,1.35,0.07,1,0.86
02-Apr,,0.17,4.23,0.08,5.69,0.07,1.34,0.02,0.77,0.06,6.77,0.52,0.66,1.9,0.87,1.32,0.43,0.11,2.36,0.07,0.41,3.03,0.39,1.79,1.37,1.79
03-Apr,,1.45,0.4,0.08,0.13,0.07,3.26,0.03,0.21,0.01,2.29,0.67,0.35,3.13,3.41,0.69,0.71,0.01,4.37,0.73,0.75,2.17,0.55,13.63,5.37,7.47
04-Apr,,5.9,0.26,0.04,0.07,1.72,3.89,0.01,0.2,0.01,3.9,1.39,0.63,2.29,0.37,5.14,0.89,1.83,6.16,2.34,0.52,7.59,0.02,5.47,9.82,3.15
05-Apr,,12.15,1.12,0.01,2.05,3.57,13.12,0.13,0.17,6.82,1.52,0.02,0.47,1.49,0.58,2.68,7.13,5.23,2.94,1.22,0.94,13.48,0.03,3.14,5.64,9.47
06-Apr,,1.84,2.54,0.01,1.58,8.26,6.48,0.07,0.22,13.54,0.66,0.12,0.03,8.66,0.88,0.91,0,3.21,2.09,0.03,0.02,1.58,0.01,0.19,2.68,2.79
07-Apr,,2.83,1.8,0.29,11.31,2.84,4.57,0.03,0.11,15.57,0.6,0.91,0.19,1.15,8.37,0.15,0,9.06,24.89,0.04,0.43,3.71,0.1,3.65,1.91,0.94
08-Apr,,6.13,0.46,0.03,14.03,8.14,5.46,0,0.12,0.65,1.1,0.45,0.04,2.75,0,8.54,0.14,0.3,23.03,0.04,0.73,1.24,0.07,1.41,21.31,0.1
09-Apr,,1.93,0.21,0.03,2.85,3.44,1.44,0.07,0.27,2.54,0.13,0.85,0.06,1.67,0.47,16.38,0.09,2.94,8.14,0.17,0.26,0.2,0.12,0.58,4.18,1.18
10-Apr,,7.29,0.94,0.01,4.01,1.96,0.67,0,0.1,2.91,0.37,0.26,0.03,14.75,2.79,2.73,1.42,0,11.76,3.65,0.2,5.88,0.08,3.22,5.45,1.9
11-Apr,,1.23,0.79,0.04,8.84,2.03,1.19,0.62,6.21,2.71,0.07,0.59,0.06,11.23,0.19,1.21,2.23,0.06,13.76,0.07,0.82,2.93,0.75,1.17,8.76,1.06
12-Apr,,1.08,2.11,0.06,1.99,0.43,0.08,0.02,5.42,7.62,0.1,0.46,1.06,34.61,4.07,1.74,1.44,0.07,15.92,0.52,7.77,2.27,2.61,5.94,2.52,0.63
13-Apr,,0.14,1.53,0.07,0.7,3.16,0.09,0.41,2,0.4,0.65,1.38,4.15,1.31,2.25,0.69,0.02,0.08,4.62,0.09,2.54,1.73,1.27,4.57,6.43,0.96
14-Apr,,0.67,4.16,0.11,1.84,0.14,0.1,0.15,1.37,0.74,1.25,4.66,0.86,5.05,1.94,0.2,0.25,0.07,34.39,0.05,1.91,0.12,0.58,1.31,2.21,1.47
15-Apr,,6.17,6.61,0.55,0.12,1,1.41,0.2,4.08,0.25,2.82,10.08,1.17,1.85,1.08,0.75,0.8,0.77,3.07,0.08,1.1,1.26,0.32,1.77,0.48,0.07
16-Apr,,2.82,1.55,8.31,1.72,0.15,1.38,9.3,2.72,0.98,0.93,7.38,10.7,2.19,0.68,16.99,7.83,0.13,19.16,0.03,2.45,0.12,1.54,12.29,0.01,1.43
17-Apr,,0.12,6.12,4.36,1.21,0.82,0.7,10.72,2.41,0.11,11.15,2.7,5.13,0.07,3.4,7.09,6.87,13.13,11.18,0.03,0.71,0.5,0.32,4.53,0.09,3.07
18-Apr,,0.25,2.28,4.39,0.11,0.22,5.66,4,2.29,0.11,10,3.66,17.74,0.65,1.55,0.12,0.64,1.66,1.63,0.32,16.6,0.65,1.38,3.62,0.66,5.47
19-Apr,,0.43,0.63,3.19,0.95,0.03,1.9,2.75,1.78,1.19,2.39,3.78,5.02,8.02,0.71,0.16,4.81,0.44,4.78,0.4,4.42,0.64,3.28,2.64,0.11,2.68
20-Apr,,0.81,1.14,10.1,8.62,0.05,0.52,11.18,5.04,3.69,0.01,1.63,2.21,0.89,0,2.05,3.68,0.5,2.04,0.43,5.88,0.32,15.7,0.11,0.01,2.34
21-Apr,,0.43,4.92,1.53,1.8,0.37,0.33,5.56,0.29,0.18,0.07,4.5,0.42,0.06,0.01,6.06,0.95,0.06,1.53,0.56,2.89,4.05,5.41,0.18,6.24,2.48
22-Apr,,0.31,7.62,0.74,1.24,0.01,10.24,6.67,1.23,0.49,0.07,2.23,0.03,0.13,0.02,4.87,0.45,0.17,4.67,2.42,27.66,7.93,2.68,14.06,0.59,11.74
23-Apr,,1.91,9.85,0.49,0.95,0.03,1.91,9.3,4.47,0.53,0.18,1.81,1.12,0.04,1.17,3.8,0.59,0.03,23.83,9.87,2.77,2.75,0.6,0.55,2.75,14.65
24-Apr,,11.52,7.51,8.76,5.7,0.04,0.65,5.67,5.7,0.67,0.16,1.83,2.02,0.31,0.29,3.61,3.04,0.11,11.89,6.27,19.75,0.58,0.06,9.34,1.33,0.54
25-Apr,,1.56,5.96,1.08,1.15,0.01,1.29,1.73,0.56,2.89,0.43,1.18,0.37,0.05,0.1,4.16,0.7,0.14,1.09,5.02,20.43,0.12,0.08,12.55,22.95,0.09
26-Apr,,0.1,3.11,0.58,0.1,5.36,0.63,0.34,0.8,1.04,0.13,0.11,0.09,0.13,0.03,0.59,1.7,0.3,0.01,16.76,0.33,0.29,0.88,10.57,12.07,0.08
27-Apr,,0.04,0.28,1.19,0.05,2.39,0.54,0.86,1.93,0.13,0.5,0.19,0.09,0.06,0.04,16.59,2.25,0.03,0.18,16.91,1.18,0.97,4.17,3.72,0.4,0.11
28-Apr,,0.04,6.23,15.53,0.02,18.41,0.98,1.11,0.94,0.07,2.12,0.42,0.41,1.34,0.06,4.76,8.76,0.02,0.31,4.13,4.94,2.95,3.8,9.39,0.37,0.05
29-Apr,,0.02,3.5,11.13,0.05,15.54,0.13,0.15,0.09,0.29,3.57,0.07,0.19,0.18,0.17,6.6,2.49,0.29,1.66,2.6,2.09,0.34,0.87,1.07,0.16,1.76
30-Apr,,0.02,2.06,2.55,0.02,6.8,1.6,0.01,0.12,0.07,3.51,0.03,0.18,2.31,2.12,3.71,8.02,0.21,0.09,1.92,1.03,0.24,1.65,4.47,0.1,0.27
01-May,,0.07,0.56,15.32,0.06,5.29,14.25,0.03,0.13,0.17,5.63,0.31,0.79,0.47,0.07,2.38,7.42,0.53,5.7,0.35,0.85,0.24,1.76,7.2,0.19,0.11
02-May,,0.09,0.31,0.57,0.15,8.64,2.15,0.63,0.08,4.84,0.28,0.08,0.38,0.1,1.82,0.76,2.14,0.23,0.75,0.09,0.21,0.98,7.26,0.56,0.61,0.75
03-May,,0.24,0.55,0.45,0.45,0.92,0.34,2.01,0.05,0.33,0.02,0.11,0.97,0.16,0.01,0.04,0.21,4.05,0.14,0.91,0.21,0.67,2.71,0.8,5.75,2.88
04-May,,0.19,1.08,0.11,0.11,0.16,0.03,1.11,0.17,0.2,4.47,0.14,0.22,0.16,0.01,7.12,0.04,3.03,2.6,1.59,0.37,0.63,0.69,0.25,11.5,1.65
05-May,,0.1,0.63,0.4,0.06,0.03,0.06,1.85,0.14,1.54,11.71,0.2,0.06,3.3,0.07,2.77,2.67,3.27,0.84,1.27,0.35,0.07,0.12,0.67,5.89,6.49
06-May,,0.23,0.37,1.15,0.56,0.12,1.39,0.24,0.41,0.55,3.58,3.64,0.3,6.34,0.66,0.2,2.16,0.55,2.22,0.2,0.31,1.13,1.34,0.38,1.96,4.37
07-May,,0.23,0.38,0.21,0.27,1.22,0.39,0.68,0.06,0.3,0.75,4.33,0.81,1.15,0.08,4.43,0.6,0.72,0.25,0.38,0.17,3.51,0.77,0.42,0.82,2.56
08-May,,0.23,0.16,0.12,0.27,0.13,0.78,0.22,2.18,1.06,0.17,1.64,0.19,0.06,0.41,3.99,1.61,9.15,0.89,0.69,0.3,1.3,0.27,0.33,0.5,17.75
09-May,,0.23,0.38,0.09,0.27,0.35,1.58,1.43,0.89,1.6,14.11,0.63,0.14,0.05,0.62,9.44,0.87,4.62,1.04,0.49,0.48,0.65,0.07,0.21,0.25,2.51
10-May,,0.71,0.53,0.84,0.27,0.81,0.45,0.19,0.38,4.12,0.77,0.2,0.21,0.1,0.09,0.65,1.17,1,0.85,1.26,0.46,2.21,0.07,0.32,0.68,0.24
11-May,,0.8,1.03,0.1,0.52,0.1,0.43,4.74,0.03,1.34,0.45,0.18,3.16,2.36,0.4,0.21,1.62,3.38,0.87,0.95,0.47,2.86,0.33,0.5,0.81,0.26
12-May,,0.46,0.24,0.03,0.34,1.42,0.17,1.26,0.12,0.87,0.33,0.29,6.5,0.2,1.13,0.2,0.16,0.75,0.21,0.45,0.27,0.95,0.33,0.4,0.31,0.53
13-May,,0.12,0.25,0.72,0.35,0.15,0.3,4.67,0.78,0.2,0.62,0.91,1.05,0.09,0.26,0.3,0.09,0.2,2.95,0.6,0.24,0.39,0.33,0.39,0.32,0.46
14-May,,0.34,0.28,1,0.35,0.3,2.71,2.58,1.26,0.19,0.49,0.23,1.64,0.07,0.79,0.27,0.09,0.15,1.43,0.19,0.28,0.08,0.33,0.39,0.31,0.97
15-May,,0.48,0.24,0.38,0.51,0.08,0.39,0.49,0.25,0.1,0.17,0.45,4.98,0.07,0.04,1.12,0.1,0.37,0.3,0.12,1.73,0.01,0.75,0.39,0.31,0.18
16-May,,0.69,0.02,0.03,0.16,0.42,0.38,1.05,0.39,1.96,0.36,0.32,4.6,0.44,0.01,0.66,0.53,1.47,2.84,0.06,0.02,0.45,1.98,0.38,0.37,0.09
17-May,,0.33,0.02,0.14,0.89,0.47,0.17,1.17,0.41,0.32,0.84,1.69,0.68,0.44,0.01,0.4,0.44,1.05,0.26,1.37,0.02,0.49,0.14,0.4,0.35,0.32
18-May,,0.19,0.02,0.16,0.25,0.23,0.68,1.44,1.08,0.03,0.36,0.6,0.15,0.53,0.43,0.4,0.46,0.43,0.3,1.04,0.02,0.45,0.06,0.38,0.37,1.63
19-May,,0.94,2.12,0.98,0.85,0.22,1.44,0.16,0.35,2.21,0.36,0.34,0.02,0.44,1.62,0.4,0.44,1.03,1.3,1.47,1.1,0.45,0.06,0.76,0.35,0.22
20-May,,0.17,0.31,1.09,0.16,1.27,0.44,0.33,0.07,0.84,0.36,0.08,0.02,0.44,0.55,0.44,0.44,0.29,0.21,0.23,1.13,0.45,0.06,0.38,0.91,0.09
21-May,,0.03,0.76,4.08,0.35,1.39,0.04,0.9,0.01,0.48,0.14,0.26,0.05,0.47,0.4,0.4,0.92,0.85,0.94,2.85,0.21,0.53,0.55,0.32,0.57,0.46
22-May,,0.06,0.17,0.71,1.37,0.61,0.02,0.1,1.57,0.63,0.37,0.32,0.12,0.47,0.03,0.4,0.44,0.84,0.38,1.37,0.09,0.58,0.53,0.37,0.14,0.56
23-May,,5.12,1.32,2.72,0.33,0.59,0.14,0.86,3.13,0.48,3.47,0.49,0.29,0.79,0,0.73,0.48,0.8,0.07,6.59,0.09,0.55,0.53,1.2,1.91,0.48
24-May,,0.36,0.33,1.03,0.33,0.46,4.75,0.58,0.5,0.67,1.55,1.06,1.07,0.47,0.02,0.4,0.44,0.13,0.06,0.63,0.09,0.53,0.58,0.43,0.99,0.46
25-May,,1.86,0.13,0.35,0.34,0.57,0.32,0.3,0.02,0.48,0.11,0.59,2.14,0.57,3.33,0.79,0.44,0.13,2.01,0.39,2.66,0.53,0.53,0.39,0.08,0.77
26-May,,1.68,1.09,0.13,0.24,3.69,0.79,0.29,0.03,0.32,0.29,0.43,0.15,0.06,11.1,0.01,0.35,0.18,0.3,1,0.36,0.4,0.27,0.3,0.34,0.83
27-May,,0.31,0.2,1.37,1.27,2.41,0.49,6.91,0.03,0.32,0.61,0.32,1.5,0.07,0.09,0.33,0.34,0.27,0.12,0.19,0.11,0.34,0.15,0.12,0.34,0.82
28-May,,0.15,0.19,4.52,0.14,1.64,0.04,1.31,1.09,0.33,0.48,0.32,0.11,0,0,0.35,0.34,0.19,0.11,0.23,1.49,0.38,0.17,0.17,0.34,0.25
29-May,,0.08,0.19,0.94,0.16,1.07,0.05,0.51,0.91,0.46,0.22,0.32,0.11,0,0,1.2,0.34,0.47,0.11,0.77,0.11,0.32,0.29,0.29,0.34,0.15
30-May,,0.07,0.19,5.21,0.08,0.45,0.55,0.36,2.19,0.32,0.18,0.32,0.11,1.2,0,0.48,0.34,0.67,0.16,0.04,0.11,0.3,0.32,0.21,0.34,0.07
31-May,,0.19,0.19,1.39,0.32,0.6,0.14,13.73,0.24,0.32,0.25,0.32,0.11,0.81,0,0.1,0.34,0.26,1.86,0.04,0.14,0.3,0.86,0.96,0.36,0.08
01-Jun,0.18,0.06,0.29,1.3,0.47,0.73,0.04,3.38,0.53,0.13,0.21,0.17,0.29,0.27,0.07,1.28,0.16,0.29,0.24,0.29,0.05,0.33,0.16,0.68,0.29,0.11
02-Jun,0.18,0.06,0.29,0.22,0.25,0.16,0.54,0.21,0.23,0.09,0.22,0.27,0.29,0.27,0.06,0.05,0.16,0.29,0.07,0.26,0.3,0.28,0.27,0.18,0.29,0.02
03-Jun,0.18,0.17,0.29,0.07,0.12,0.21,0.08,1.33,0.23,0.03,0.24,0.24,0.29,0.27,0.14,0.04,0.16,0.29,0.02,0.28,0.92,0.28,0.25,0.47,0.31,0.02
04-Jun,0.44,1.17,0.29,0.03,0.51,0.12,0.33,0.12,0.25,2.72,0.63,0.46,0.29,0.38,1.13,0.04,0.16,0.3,0.03,0.25,0.05,0.28,0.23,0.08,0.29,0.06
05-Jun,0.49,0.08,0.3,0.07,0.12,0.24,0.48,0.05,0.23,0.04,0.21,0.31,0.29,0.27,0.08,0.04,0.81,0.29,1.1,0.38,0.55,0.28,0.56,0.06,0.29,1.35
06-Jun,0.42,0.13,0,0.08,3.45,0.12,0.19,0.33,0.18,0.05,0.01,0.39,0.23,0.22,0.49,0.02,0.11,0.23,0.79,0.17,1.34,0.12,0.52,0.27,0.22,0.04
07-Jun,0.26,0.13,0.2,0.16,10.35,0.07,0.47,0.22,0.18,0.12,0.02,0.22,0.23,0.26,0.38,0.08,0.87,0.23,0.11,0.2,0.07,0.06,0.26,0.2,0.22,0.01
08-Jun,0.19,0.55,1.79,1.67,0.13,0.2,0.02,0.07,0.18,0.73,0.14,0.17,0.24,0.22,0.21,0.24,0.1,0.23,0.08,0.27,0.54,0.17,0.13,0.2,0.22,1.02
09-Jun,0.14,0.13,4.5,0.09,0.01,0.69,0.07,0.38,0.43,0.02,1.02,0.19,0.23,0.22,0.15,0.08,0.1,0.23,0.08,0.16,0.07,0.74,0.12,0.27,0.23,4.23
10-Jun,0.13,0.2,1.24,0.08,2.22,0.07,0.94,0.6,0.18,0.35,0.04,0.18,0.23,0.22,0.21,2.09,0.12,0.23,0.08,0.35,0.08,0.06,0.12,0.2,0.24,0.04
11-Jun,0.21,0.02,0.4,0.07,1.06,0.21,1.07,0.75,0.01,0.01,0.18,0.22,0.21,0.29,0.22,0.68,0.29,0.04,0.1,0.16,0.2,0.22,0.27,0.12,0.35,0.29
12-Jun,0.21,0.02,0.15,0.46,0.03,0.21,0.07,0.02,,0.02,0.18,0.22,0.21,0.19,0.32,0.12,0.18,0.08,0.62,0.19,0.2,0.22,0.22,0.12,0.2,0.21
13-Jun,0.25,0.24,0.15,0.05,0.02,0.21,0,0.29,,0.22,0.31,0.22,0.21,0.26,0.2,0.2,0.18,0.41,0.15,0.11,0.31,0.26,0.32,0.12,0.2,0.21
14-Jun,0.23,0.67,0.15,0.23,0.02,0.28,0.01,0.3,0.43,0.23,0.26,0.22,0.32,0.2,0.2,0.11,0.23,0.84,0.17,0.74,0.22,0.22,0.17,0.61,0.2,0.21
15-Jun,0.25,0.18,0.3,0.43,0.02,0.23,0,0.3,0.43,0.83,0.22,0.27,0.21,0.19,0.2,0.2,0.25,0.06,0.1,0.15,0.2,0.22,0.16,0.16,0.2,0.25
16-Jun,0.07,0.13,0.01,0.36,0.14,0.33,0,0.17,0.68,0.33,0.51,0.21,0.19,0.16,0.2,0.18,,0.22,0.17,0.18,0.2,0.12,0.19,0.21,0.01,0.2
17-Jun,0.06,0.23,0.19,0.01,0.05,0.18,0.42,0.14,0,0.14,0.29,0.1,0.19,0.47,0.2,0.18,0.03,0.26,0.17,0.26,0.2,0.15,0.19,0.13,0.01,0.28
18-Jun,0.39,0.45,0.39,0.06,0.05,0.15,0.3,0.3,0.12,0.11,1.57,0.1,0.22,0.84,0.2,0.18,0.49,0.06,0.26,0.19,0.2,0.29,0.19,0.16,0.04,0.17
19-Jun,0.42,0.09,0.08,0.32,0.37,0.25,0.21,0.24,0.07,0.31,0.02,0.48,0.19,0.28,0.2,0.26,0.2,0.06,0.18,0.18,0.2,0.29,0.19,0.35,1.37,0.17
20-Jun,0.05,0.09,0.36,0.36,0.64,0.08,0.09,0.14,0.11,0.11,0.04,0.18,0.19,0.17,0.2,0.18,0.24,0.41,0.21,0.18,0.2,0.12,0.23,0.13,0.05,0.17
21-Jun,0.09,0.24,0.2,0.07,0,0.63,0.23,0.2,0.17,0.73,0.4,0.2,0,0.07,0.22,0.22,0.23,0.05,0.96,0.25,0.19,0.05,0.18,0.26,0.24,0
22-Jun,0.09,0.14,0.44,0.26,2.62,0.11,0.37,0.25,0.48,0.14,0.13,0.45,0.55,0.35,0.24,0.4,0.23,0.05,1.95,0.25,0.33,,0.44,0.26,0.24,0
23-Jun,0.09,0.12,0.2,0.4,0.28,0.13,0.23,0.21,0.29,0.14,0.45,0.25,0.74,0.65,0.65,0.22,0.23,0.12,0.02,0.25,0.27,0.19,0.19,0.26,0.35,0
24-Jun,0.09,0.19,0.2,0.18,0.01,0.18,0.24,0.2,0.17,0.14,0.19,0.2,0.05,0.17,0.14,0.25,0.3,1.01,0.01,0.25,0.4,0.06,0.28,0.26,0.24,5.67
25-Jun,0.92,0.61,0.26,0.38,0.02,0.25,0.23,0.44,0.19,0.14,0.13,0.2,0,0.05,0.05,0.22,0.32,0.06,0.01,0.28,0.16,0.05,0.21,0.26,0.24,1.61
26-Jun,0.29,0.36,0.24,0.08,0.14,0.11,0.22,0.2,0.28,0.29,0.11,0.25,0.15,0.33,0.3,0.25,0.6,0.28,0.69,0.22,0.16,0.65,0.26,0.22,0.19,0.21
27-Jun,0.26,0.22,0.25,0.33,0.62,0.08,0.22,0.51,0.27,0.12,0.09,0.25,0.15,0.25,0.24,0.25,0.21,0.23,0.13,0.22,0.12,0.02,0.34,0.22,0.22,0.21
28-Jun,0.24,0.22,0.24,0.71,0.1,0.3,0.34,0.18,0.23,0.59,0.73,0.25,0.15,0.25,0.24,0.25,0.15,0.26,0.13,0.29,0.87,0.32,0.14,0.23,0.19,0.21
29-Jun,0.23,0.22,0.27,0.08,0.22,0.49,0.22,0.17,0.23,0.07,0.13,0.25,0.95,0.21,0.24,0.25,0.15,0.23,0.14,0.22,0.12,0.4,0.28,0.22,0.19,0.35
30-Jun,0.23,0.22,0.24,0.37,0.16,0.27,0.24,0.17,0.23,0.18,0.26,0.25,0.15,0.21,0.24,0.25,0.15,0.23,0.15,0.29,0.12,0.2,0.22,0.35,0.46,0.27
01-Jul,0.29,0.21,0.22,0.29,0.26,0.74,0.31,0.27,0.26,0.1,3.31,0.29,0.21,0.27,0.27,0.34,0.16,0.23,0.28,0.29,0.03,0.29,0.28,0.2,0.11,0.29
02-Jul,0.3,0.5,0.24,0.29,0.92,0.68,0.28,0.27,0.3,0.2,0.07,0.3,0.56,0.36,0.39,0.19,0.16,0.23,0.36,0.29,1.55,0.29,0.28,0.29,0.58,0.29
03-Jul,0.27,0.33,0.53,0.29,0.1,0.28,0.31,0.33,0.33,0.89,0.07,0.29,0.22,0.29,0.27,0.19,0.16,0.24,0.38,0.29,4.6,0.29,0.28,0.61,1.03,0.34
04-Jul,0.32,0.21,0.25,0.29,0.09,0.03,0.28,0.31,0.32,0.1,0.07,0.29,0.27,0.27,0.27,0.19,0.16,0.23,0.22,0.29,0.36,0.3,0.32,0.18,0.35,0.26
05-Jul,0.27,0.21,0.25,0.3,0.09,0.07,0.28,0.29,0.26,0.17,0.1,0.29,0.21,0.27,0.27,0.55,0.82,0.53,0.23,0.29,0.04,0.29,0.28,0.17,0.45,0.28
06-Jul,0.3,0.63,0.29,0.31,0.29,0.06,0.3,0.28,0.23,0.07,0.41,0.31,0.32,0.32,0.3,1.4,0.84,0.33,0.32,0.04,0.15,0.4,0.26,0.3,0.26,0.31
07-Jul,0.3,0.46,0.22,0.07,0.29,6.95,0.42,0.54,0.3,0.08,0.24,0.31,0.32,0.32,0.35,0.16,0.26,0.28,0.31,0.26,0.11,0.29,0.27,0.35,0.24,0.36
08-Jul,0.3,0.19,0.99,0.07,0.29,15.22,0.27,0.25,0.2,0.12,0.3,0.34,0.32,0.32,0.3,0.01,0.2,0.42,0.32,1.27,0.1,0.3,0.26,0.34,0.34,0.31
09-Jul,0.3,0.12,0.27,0.45,0.42,4.3,0.26,0.28,0.7,0.65,0.39,0.31,0.32,0.32,0.3,0.01,0.14,0.28,0.33,0.04,2.23,0.31,0.26,0.3,0.44,0.31
10-Jul,0.4,0.18,0.22,1,0.29,0.28,0.34,0.25,0.21,0.66,0.24,0.31,0.32,0.32,0.33,0.01,0.14,0.28,0.31,0.04,0.08,0.29,0.54,0.3,0.35,0.31
11-Jul,0.36,0.31,0.34,,0.81,0.08,0.26,0.3,0.39,0.88,0.29,0.07,0.37,0.38,0.35,0.37,0.34,0.38,0.36,0.83,0.19,0.25,0.22,0.14,0.39,0.37
12-Jul,0.35,0.3,0.35,0.24,0.15,1.52,0.33,0.3,0.41,1.21,0.49,0.05,0.35,0.33,0.35,0.37,0.34,0.36,0.37,0.24,0.17,0.23,0.21,0.16,0.36,0.37
13-Jul,0.35,0.38,0.34,0.55,0.61,0.09,0.44,0.3,0.28,0.07,0.29,0.25,0.33,0.42,0.42,0.37,0.33,0.36,0.36,0.13,0.17,0.91,0.45,0.14,0.4,0.37
14-Jul,0.41,0.33,0.42,0.29,0.14,0.08,0.23,0.47,0.29,0.07,0.29,1.71,0.45,0.33,0.35,0.37,0.46,0.36,0.38,0.16,0.2,0.22,0.49,1.1,0.34,0.37
15-Jul,0.35,0.51,0.38,0.22,0.14,0.08,0.58,0.46,0.52,0.07,0.48,0.1,0.33,0.38,0.35,0.37,0.37,0.36,0.36,0.48,1.7,0.23,0.47,0.3,0.34,0.37
16-Jul,0.41,0.41,0.43,0.39,0.17,0.42,1.35,0.11,0.53,0.3,0.01,0.39,0.37,0.35,0.32,0.41,,0.4,0.37,0.71,0.5,0.39,0.54,0.39,0.42,0.41
17-Jul,0.41,0.41,0.38,0.39,0.48,0.37,0.3,0.9,0.2,0.33,0.01,0.42,0.37,0.35,0.67,0.41,0.41,0.44,0.37,0.7,1.08,0.42,0.36,0.44,0.48,0.41
18-Jul,0.41,0.41,0.38,0.47,0.74,0.49,0.13,0.44,0.72,0.85,1.85,0.39,0.55,0.38,0.4,0.41,0.41,0.4,0.37,0.27,0.6,0.39,0.41,0.39,0.52,0.41
19-Jul,0.41,0.41,0.38,0.39,0.48,0.38,0.13,0.1,0.2,0.29,0.15,0.43,0.37,0.59,0.32,0.41,0.41,0.4,0.37,0.22,1.63,0.39,0.36,0.43,0.31,0.41
20-Jul,0.41,0.41,0.47,0.39,0.17,0.37,0.11,0.48,0.39,0.26,0.01,0.39,0.37,0.37,0.32,0.41,0.41,0.4,0.56,0.13,0.04,0.44,0.36,0.38,0.31,0.41
21-Jul,0.37,0.22,0.41,0.35,0.26,0.53,0.18,0.47,0.34,0.88,0.24,0.39,0.38,0.43,0.17,0.41,0.42,0.07,0.47,0.4,1.65,0.42,0.4,0.27,0.4,0.4
22-Jul,0.26,0.28,0.41,0.35,0.26,0.31,0.18,0.47,0.36,0.28,0.34,0.44,0.38,0.27,1.33,0.56,0.4,0.52,0.31,0.4,0.34,0.39,0.4,0.64,0.4,0.4
23-Jul,0.26,1.06,0.41,0.59,1.02,0.36,0.35,0.36,0.5,0.28,0.79,0.41,0.5,0.17,0.14,0.35,0.4,0.11,0.3,0.4,0.2,0.38,0.4,0.55,0.4,0.4
24-Jul,0.88,0.22,0.41,0.38,0.26,0.36,1.13,0.36,0.49,0.28,0.26,0.39,0.39,0.17,0.15,0.35,0.41,0.61,0.5,0.4,0.19,0.45,0.4,0.29,0.43,0.4
25-Jul,0.26,0.24,0.41,0.35,0.26,0.46,0.18,0.36,0.34,0.29,0.39,0.39,0.38,0.98,0.23,0.35,0.4,1.29,0.44,0.4,0.21,0.38,0.4,0.27,0.4,0.4
26-Jul,0.19,0.22,0.26,0.27,0.47,0.19,0.08,0.15,0.26,0.37,0.91,0.22,0.28,0.22,0.02,0.1,0.28,0.19,0.28,0.24,0.03,0.28,0.26,0.25,0.29,0.21
27-Jul,0.16,0.38,0.26,0.27,0.24,0.53,0.16,0.17,0.26,0.27,0.17,0.23,0.28,0.13,0.02,0.31,0.28,0.19,0.28,0.24,0.03,0.33,0.26,0.31,0.29,0.21
28-Jul,0.21,0.22,0.26,0.37,0.24,0.2,0.63,0.66,0.26,0.27,0.16,0.22,0.28,0.12,0.05,0.09,0.28,0.19,0.29,0.36,0.06,0.33,0.26,0.41,0.29,0.5
29-Jul,0.16,0.48,0.35,0.27,0.28,0.19,0.31,0.42,0.28,0.27,0.2,0.23,0.31,0.29,0.02,1.04,0.3,0.19,0.29,0.29,0.03,0.26,0.26,0.25,0.29,0.21
30-Jul,0.83,0.22,0.36,0.27,0.24,0.19,0.24,0.15,0.38,0.27,0.16,0.22,0.28,0.68,0.3,0.1,0.28,0.19,0.29,0.3,1.71,0.26,0.26,0.25,0.29,0.31
31-Jul,0.16,0.22,0.26,0.27,0.24,0.45,0.31,0.17,0.29,0.27,0.16,0.6,0.29,0.27,1.32,0.09,0.29,0.79,0.28,0.3,1.58,0.26,0.41,0.25,0.29,0.3
01-Aug,0.27,0.68,0.18,0.26,0.2,0.24,0.29,0.17,0.05,0.23,0.31,0.2,0.28,0.22,0.28,0.17,0.26,0.63,0.19,0.18,0.25,0.26,0.19,0.26,0.3,0.31
02-Aug,0.27,0.15,0.68,0.26,0.94,0.24,0.15,0.72,1.18,0.23,0.21,0.2,0.28,0.66,0.28,0.45,0.26,0.2,0.19,0.88,0.25,0.34,0.33,0.29,0.28,0.28
03-Aug,0.27,0.31,0.19,0.27,0.16,0.23,0.16,0.34,0.05,0.34,0.14,0.35,0.29,0.13,0.29,0.46,0.26,0.18,0.19,0.13,0.39,0.28,0.45,0.34,0.28,0.28
04-Aug,0.27,0.14,0.18,0.35,0.16,0.47,0.21,0.07,0.1,0.38,0.21,0.29,0.28,0.15,0.33,0.17,0.26,0.29,0.58,0.13,0.27,0.26,0.26,0.21,0.28,0.28
05-Aug,0.32,0.14,0.18,0.27,0.21,0.24,0.62,0.13,0.05,0.24,0.55,0.38,0.29,0.26,0.29,0.17,0.39,0.11,0.27,0.16,0.25,0.27,0.19,0.32,0.28,0.28
06-Aug,0.48,0.2,0.19,0.18,0.17,0.16,0.41,0.11,0.13,0.19,0.29,0.12,0.12,0.19,0.32,0.43,0.18,0.21,0.09,0.17,0.19,0.21,0.19,0.42,0.11,0.21
07-Aug,0.13,0.2,0.2,0.1,0.17,0.43,0.29,0.14,0.13,0.19,0.1,0.12,0.18,0.22,0.35,0.15,0.48,0.21,0.11,0.46,0.19,0.21,0.19,0.16,0.85,0.2
08-Aug,0.13,0.2,0.2,0.39,0.17,0.17,0.2,0.38,0.15,0.19,0.1,0.12,0.12,0.26,0.09,0.15,0.15,0.21,0.74,0.18,0.19,0.21,0.19,0.16,0.13,0.2
09-Aug,0.14,0.21,0.24,0.16,0.32,0.16,0.1,0.12,0.13,0.3,0.44,0.53,0.13,0.18,0.09,0.15,0.12,0.22,0.06,0.15,0.19,0.21,0.19,0.16,0.11,0.22
10-Aug,0.17,0.24,0.21,0.21,0.21,0.13,0.05,0.29,0.52,0.19,0.1,0.16,0.51,0.19,0.21,0.15,0.12,0.21,0.06,0.24,0.31,0.21,0.3,0.16,0.11,0.21
11-Aug,0.09,0.14,0.06,0.14,0.15,0.2,0.12,0.08,0.24,0.14,0.02,0.11,0.09,0.15,0.68,0.14,0.23,0.16,0.14,0.13,0.15,0.13,0.16,0.02,0.15,0.15
12-Aug,0.06,0.22,0.1,0.14,0.16,0.18,0.12,0.26,0.4,0.16,0.58,0.06,0.58,0.15,0.38,0.14,0.12,0.07,0.14,0.13,0.15,0.13,0.19,0.02,0.15,0.15
13-Aug,0.38,0.13,0.22,0.14,0.15,0.18,0.26,0.19,0.01,0.14,0.06,0.08,0.09,0.15,0.04,0.16,0.14,0.16,0.14,0.2,0.15,0.13,0.12,0.02,0.15,0.15
14-Aug,0.07,0.12,0.31,0.14,0.15,0.18,0.12,0.12,0.07,0.14,0.02,1.3,0.12,0.15,0.03,0.15,0.12,0.21,0.18,0.13,0.15,0.21,0.14,0.02,0.15,0.15
15-Aug,0.13,0.12,0.06,0.17,0.17,0.19,0.12,0.08,0.05,0.14,0.05,0.11,0.22,0.15,0.08,0.14,0.12,0.14,0.14,0.14,0.15,0.13,0.12,0.66,0.15,0.15
16-Aug,0.17,0.16,0.15,0.09,0.15,0.11,0.22,0.01,0.16,0.16,0.16,0.55,0.01,0.12,0.12,0.16,0.16,0.19,0.15,0.21,0.11,0.1,0.16,0.16,0.1,0.08
17-Aug,0.21,0.16,0.17,0.09,0.15,0.11,0.17,0.02,0.15,0.16,0.17,0.16,0.04,0.12,0.3,0.17,0.16,0.15,0.2,0.15,0.16,0.1,0.12,0.16,0.1,0.08
18-Aug,0.15,0.18,0.15,0.09,0.24,0.3,0.14,7.05,0.15,0.16,0.17,0.07,0.01,0.12,0.12,0.16,0.19,0.15,0.15,0.15,0.24,0.1,0.26,0.16,0.19,0.16
19-Aug,0.15,0.16,0.2,0.13,0.15,0.19,0.14,0.14,0.15,0.16,0.16,0.07,0.65,0.26,0.13,0.16,0.16,0.29,0.17,0.15,0.19,0.32,0.22,0.16,0.21,0.4
20-Aug,0.15,0.16,0.15,0.43,0.15,0.11,0.14,0.05,0.22,0.16,0.16,0.06,0.11,0.2,0.14,0.16,0.16,0.17,0.15,0.16,0.17,0.29,0.12,0.17,0.23,0.1
21-Aug,0.19,0.21,0.1,0.04,0.08,0.21,0.18,0.54,0.15,0.12,0.15,0.19,0.2,0.14,0.2,0.12,0.19,0.48,0.16,0.06,0.17,0.29,0.3,0.82,0.04,0.15
22-Aug,0.19,0.2,0.1,0.06,0.08,0.2,0.16,0.17,0.08,0.32,0.21,0.19,0.2,0.42,0.2,0.12,0.19,0.13,0.17,0.06,0.25,0.18,0.16,0.05,0.77,0.15
23-Aug,0.22,0.2,0.15,0.31,0.67,0.2,0.32,0.17,0.08,0.31,0.17,0.24,0.2,0.16,0.2,0.12,0.19,0.13,0.14,0.07,0.18,0.18,0.16,0.05,0.15,0.24
24-Aug,0.19,0.2,0.2,0.08,0.08,0.2,0.17,0.06,0.14,0.12,0.15,0.19,0.2,0.14,0.2,0.5,0.19,0.13,0.14,0.55,0.17,0.18,0.16,0.05,0.02,0.3
25-Aug,0.19,0.2,0.43,0.58,0.08,0.2,0.16,0.06,0.55,0.12,0.31,0.19,0.2,0.14,0.2,0.14,0.22,0.13,0.4,0.26,0.36,0.18,0.22,0.05,0.01,0.15
26-Aug,0.22,0.19,0.73,0.11,0.21,0.18,0.12,0.37,0.25,0.2,0.71,0.2,0.22,0.21,0.19,0.06,0.2,0.18,0.21,0.19,0.39,0.21,0.21,0.14,1.39,0.25
27-Aug,0.21,0.19,0.08,0.59,0.21,0.18,0.15,0.15,0.14,0.22,0.08,0.09,0.21,0.21,0.19,0.07,0.2,0.38,0.21,0.19,0.32,0.21,0.21,0.14,0.91,0.2
28-Aug,0.21,0.28,0.08,0.14,0.23,0.18,0.47,0.16,0.16,0.2,0.28,0.14,0.21,0.21,0.19,0.96,0.2,0.18,0.21,0.3,0.14,0.21,0.21,0.21,1.05,0.2
29-Aug,0.21,0.19,0.24,0.11,0.21,0.18,0.12,0.4,0.44,0.2,0.15,0.12,0.21,0.21,0.21,0.06,0.24,0.18,0.21,0.2,0.14,0.21,0.21,0.43,0.03,0.2
30-Aug,0.21,0.23,0.08,0.18,0.21,0.32,0.12,0.19,0.14,0.2,0.08,0.53,0.21,0.21,0.24,0.06,0.21,0.18,0.21,0.2,0.14,0.21,0.21,0.15,0.03,0.2
31-Aug,0.21,0.19,0.08,0.14,0.21,0.23,1.51,0.2,0.14,0.26,0.08,0.37,0.21,0.21,0.25,0.06,0.2,0.18,0.21,0.2,0.14,0.21,0.23,0.19,0.46,0.23
01-Sept,0.31,0.33,0.25,0.25,0.24,0.31,0.57,0.59,0.2,0.25,0.33,0.31,0.33,0.32,0.2,0.33,0.38,0.29,0.25,0.28,0.33,0.37,0.33,0.31,0.33,0.34
02-Sept,0.41,0.34,0.31,0.76,0.73,0.41,0.13,0.2,0.51,0.25,0.4,0.31,0.33,0.32,0.23,0.33,0.5,0.3,0.24,0.28,0.33,0.82,0.35,0.29,0.38,0.34
03-Sept,0.34,0.33,0.39,0.22,0.24,0.36,0.16,0.22,0.29,0.25,0.31,0.31,0.33,0.32,0.19,0.33,0.24,0.51,0.24,0.31,0.33,0.16,0.33,0.29,0.32,0.34
04-Sept,0.31,0.33,0.24,0.22,0.24,0.31,0.36,0.2,0.48,0.58,0.33,0.36,0.33,0.4,0.32,0.33,0.24,0.32,0.58,0.28,0.33,0.16,0.33,0.5,0.32,0.34
05-Sept,0.31,0.37,0.5,0.24,0.24,0.31,0.47,0.55,0.21,0.35,0.31,0.4,0.36,0.32,0.75,0.36,0.32,0.26,0.37,0.54,0.35,0.18,0.33,0.29,0.33,0.34
06-Sept,0.4,0.2,2.55,0.39,0.61,0.36,0.37,0.5,0.4,0.37,0.4,0.26,0.3,0.47,0.59,0.4,0.35,0.38,0.2,0.01,0.6,0.4,0.35,1.68,0.49,0.22
07-Sept,0.4,0.41,0.95,0.43,0.35,0.39,0.33,0.49,0.4,0.43,0.4,0.26,0.3,0.39,0.44,0.4,0.35,0.43,0.12,0.01,0.51,0.39,0.36,0.07,0.37,0.22
08-Sept,0.4,0.2,0,0.39,0.35,0.39,0.38,0.36,0.4,0.4,0.4,0.37,0.83,0.38,0.53,0.4,0.35,0.41,0.13,0.01,0.32,0.37,0.35,0.09,0.37,1.61
09-Sept,0.4,0.73,0,0.39,0.35,0.37,0.41,0.31,0.4,0.44,0.4,0.33,0.34,0.38,0.22,0.4,0.35,0.4,1.66,0.4,0.27,0.46,0.35,0.07,0.39,0.22
10-Sept,0.4,0.46,0.02,0.39,0.35,0.49,0.51,0.33,0.4,0.37,0.4,0.78,0.32,0.38,0.21,0.4,0.6,0.38,0.12,1.74,0.3,0.37,0.58,0.07,0.37,0.22
11-Sept,0,0.42,0.65,0.29,0.24,0.38,0.27,0.24,0.37,0.43,0.41,0.24,0.43,0.69,0.03,0.39,0.43,0.42,0.4,0.4,0.77,0.31,0.38,0.31,0.43,0.43
12-Sept,0,0.42,0.52,0.29,0.31,0.43,0.32,0.24,0.31,0.43,0.59,0.14,0.56,0.35,0.03,0.37,0.43,0.42,0.4,0.53,0.29,0.88,0.38,0.31,0.43,0.43
13-Sept,1.74,0.42,0.29,0.29,0.56,0.55,0.35,0.26,0.8,0.43,0.31,0.14,0.37,0.35,0.03,0.68,0.43,0.42,0.55,0.41,0.44,0.31,0.38,0.31,0.43,0.43
14-Sept,0.46,0.42,0.38,0.47,0.42,0.38,0.93,0.52,0.31,0.43,0.45,0.68,0.37,0.41,0.03,0.34,0.43,0.42,0.4,0.4,0.39,0.31,0.46,0.87,0.43,0.43
15-Sept,0,0.45,0.29,0.79,0.59,0.38,0.27,0.85,0.34,0.43,0.38,0.93,0.4,0.35,2.31,0.34,0.43,0.44,0.4,0.4,0.29,0.31,0.52,0.32,0.43,0.43
16-Sept,0.46,0.46,0.35,0.36,0.6,0.44,0.25,0.26,0.45,0.5,0.54,0.42,0.5,0.45,0.46,0.52,0.46,0.08,0.46,0.46,0.41,0.46,0.3,0.46,0.41,0.37
17-Sept,0.46,0.46,0.96,0.32,0.42,0.49,0.26,0.61,0.45,0.37,0.89,0.54,0.41,0.45,0.46,0.49,0.46,0.08,0.46,0.46,0.41,0.46,0.3,0.46,0.61,0.37
18-Sept,0.46,0.47,0.08,0.5,0.43,0.44,0.7,0.78,0.39,0.37,0.29,0.42,0.57,0.51,0.46,0.46,0.46,0.08,0.46,0.46,0.56,0.46,0.3,0.46,0.41,0.37
19-Sept,0.46,0.46,0.82,0.61,0.42,0.44,0.84,0.54,0.39,0.37,0.29,0.42,0.41,0.45,0.46,0.42,0.46,0.15,0.46,0.46,0.5,0.46,1.07,0.46,0.41,0.37
20-Sept,0.46,0.46,0.1,0.51,0.42,0.49,0.25,0.26,0.62,0.69,0.29,0.49,0.41,0.45,0.46,0.42,0.46,2.36,0.46,0.46,0.41,0.46,0.33,0.46,0.45,0.85
21-Sept,0.53,0.44,1.05,0.7,0.51,1.07,0.44,1.62,0.57,0.49,0.48,0.07,0.53,0.4,0.53,0.55,0.55,1.56,0.42,0.54,0.08,0.33,0.49,0.33,0.56,0.44
22-Sept,0.53,0.97,0.35,0.49,0.52,0.49,0.47,0.54,0.88,0.46,0.57,0.2,0.53,0.45,0.59,0.55,0.54,0.29,0.27,0.54,0.08,0.68,0.49,0.33,0.54,0.14
23-Sept,0.55,0.44,1.02,0.49,0.51,0.38,1.22,0.32,0.41,0.88,0.48,9.53,0.53,0.4,0.55,0.55,0.54,0.29,0.26,0.54,2.46,0.49,0.49,0.46,0.54,0.14
24-Sept,0.58,0.44,0.1,0.49,0.68,0.38,0.43,0.3,0.45,0.45,0.48,0.22,0.58,1.06,0.53,0.55,0.54,0.29,1.37,0.54,0.14,0.4,0.49,1.28,0.54,1.9
25-Sept,0.53,0.44,0.21,0.57,0.51,0.4,0.5,0.3,0.42,0.45,0.76,0.07,0.54,0.4,0.53,0.55,0.54,0.29,0.41,0.55,0.08,0.85,0.77,0.33,0.54,0.14
26-Sept,0.66,0.66,0.57,0.52,0.56,0.33,0.22,0.07,0.49,0.69,0.72,0.66,0.69,0.66,0.66,0.65,0.57,0.65,0.85,2.4,0.66,0.6,1.05,0.35,0.66,0.66
27-Sept,0.66,0.66,0.57,0.5,0.55,0.78,0.3,0.09,0.82,0.88,0.63,0.66,0.65,0.66,0.66,0.67,0.57,0.65,2.14,0.53,0.66,0.6,0.56,0.35,0.66,0.66
28-Sept,0.66,0.66,0.57,0.5,1.18,1.57,1.13,9.82,0.73,0.64,0.7,0.66,0.65,0.66,0.66,0.65,1,0.65,0.2,0.1,0.66,0.6,0.56,0.41,0.66,0.66
29-Sept,0.66,0.66,1.03,0.86,0.51,0.32,5.88,4.47,0.49,0.55,0.63,0.66,0.65,0.66,0.66,0.67,0.59,0.71,0.34,0.1,0.66,0.63,0.56,1.96,0.66,0.66
30-Sept,0.66,0.66,0.57,0.93,0.51,0.3,0.22,0.1,0.79,0.55,0.63,0.66,0.65,0.66,0.66,0.65,0.57,0.65,0.27,0.17,0.66,0.88,0.56,0.35,0.66,0.66
01-Oct,0.24,0.57,0.53,0.36,0.68,0.53,0.57,0.98,0.12,0.59,0.61,0.68,1.31,0.92,0.46,0.23,0.57,0.63,0.57,6.29,0.86,0.62,0.61,0.15,0.59,0.61
02-Oct,3.05,0.57,0.58,1.35,1.32,0.41,0.28,0.81,0.78,0.56,0.61,0.59,0.59,0.29,0.46,0.46,0.57,0.6,0.57,0.03,0.59,0.61,0.61,0.15,0.59,0.61
03-Oct,0.24,0.64,0.51,0.62,0.34,0.36,0.31,0.44,0.38,0.56,0.61,0.59,0.38,0.41,0.46,2.61,0.63,0.6,0.57,1.47,0.56,0.61,0.61,0.56,0.68,0.62
04-Oct,0.24,0.61,0.86,0.36,0.35,0.61,1.55,0.42,1,0.56,0.61,0.59,0.38,0.85,0.46,1.36,0.64,0.61,0.57,4.5,0.56,0.61,0.61,2,0.59,0.61
05-Oct,1.39,0.66,0.77,0.36,0.36,1.15,0.42,0.5,1.62,0.78,0.61,0.59,0.39,0.65,1.22,0.32,0.63,0.61,0.78,4.4,0.57,0.61,0.61,0.19,0.59,0.61
06-Oct,6.32,0.71,0.62,0.44,0.23,0.55,0.76,0.53,0.76,0.21,0.65,0.42,0.62,1.68,1.24,0.71,0.65,0.66,0.66,2.98,0.53,0.66,0.74,1.36,0.66,0.42
07-Oct,4.91,0.64,0.29,0.74,3.14,0.66,0.61,0.37,2.23,0.58,0.65,0.48,0.75,0.38,1.12,1.44,0.65,0.66,0.66,0.04,0.53,0.66,0.51,0.5,0.67,0.79
08-Oct,0.38,0.64,1.68,0.44,0.17,0.55,0.44,1.32,0.3,0.21,0.65,0.67,0.57,0.57,0.25,2.23,0.66,0.66,0.66,0.52,0.9,0.66,0.51,0.47,0.65,0.66
09-Oct,7.92,0.64,0.31,0.44,0.18,0.93,0.47,0.44,0.16,0.33,0.67,0.87,0.49,0.33,0.26,0.34,0.66,0.66,0.66,10.28,0.72,0.66,1.14,0.47,0.65,0.66
10-Oct,0.28,0.66,0.38,1.24,0.17,0.59,1,0.62,0.15,3.53,0.65,0.87,1.55,0.33,0.47,0.15,0.66,0.66,0.66,3.84,0.81,0.66,0.51,0.47,0.65,0.76
11-Oct,0.08,0.62,0.38,0.68,0.23,0.61,0.07,0.34,0.36,0.01,0.65,1.14,10.7,2.14,0.65,0.12,0.69,0.49,0.61,8.67,0.48,0.56,0.66,0.38,0.4,0.68
12-Oct,3.62,0.62,0.63,1.26,0.03,0.61,2.07,0.34,1.69,0.02,0.65,6.77,9.67,1.33,0.64,8.69,0.69,0.54,0.61,0.8,0.42,0.94,0.66,0.4,1.68,0.69
13-Oct,0.1,0.98,0.54,0.61,0.38,0.68,0.95,0.53,0.11,0.1,0.65,10.75,6.01,1.24,0.81,0.16,0.69,2.73,1.14,3.04,0.42,0.81,0.67,0.39,0.56,0.68
14-Oct,0.09,0.62,0.39,0.46,1.23,0.62,0.07,0.96,0.26,4.6,0.65,6.76,3.09,0.19,0.68,0.12,0.69,0.5,0.61,2.43,1.72,0.56,0.68,0.42,0.43,0.7
15-Oct,0.09,0.62,1.7,0.46,5.24,0.91,0.54,1.28,1.51,14.02,0.84,0.19,0.03,0.19,0.65,0.67,0.69,0.5,0.61,0.23,0.42,0.56,0.76,2.27,0.4,0.68
16-Oct,0.48,0.47,1.47,1.04,0.42,0.5,7.34,0.6,2.13,11.91,0.55,0.25,0.27,0.54,0.12,1.55,0.57,0.57,0.62,1.66,0.67,0.34,1.11,2.89,0.57,0.56
17-Oct,0.77,0.47,0.57,2.73,0.09,0.51,0.54,0.26,0.2,3.59,0.55,0.87,0.33,0.54,0.1,2.64,0.57,0.57,2.18,2.71,0.55,0.34,1.12,0.83,0.57,0.65
18-Oct,0.46,0.47,0.79,2.09,1.92,0.54,0.3,1.72,0.18,0.32,0.55,11.93,0.88,0.68,0.23,1.47,0.57,0.57,1.47,3.62,0.55,0.34,0.38,5.31,0.57,0.56
19-Oct,0.55,0.47,0.78,0.14,0.27,0.73,0.94,2.4,0.13,1.2,0.55,3.83,1.09,0.54,4.42,0.28,0.57,0.57,0.39,4.66,0.54,0.85,0.38,0.67,0.57,0.56
20-Oct,0.65,0.98,0.17,0.21,0.21,0.59,2.69,0.65,1.59,0.26,1.37,1.01,1.35,0.56,0.42,0.22,0.61,0.58,0.35,0.81,0.57,1.29,0.38,1.66,0.58,0.56
21-Oct,3.79,0.41,0.07,0.32,0.28,0.38,6.34,3.44,0.74,0.31,0.26,1.28,0.57,0.38,0.53,0.39,0.45,0.03,0,0.14,0.35,0.41,0.91,1.79,0.42,0.38
22-Oct,0.13,0.35,1.47,1.72,0.27,0.42,4.58,5.36,1.14,1.49,0.43,1.6,0.37,0.37,0.61,0.37,0.45,0.03,0.25,2.41,0.81,0.41,0.32,0.42,0.54,0.38
23-Oct,0.13,0.66,2.64,2.18,1.61,0.28,0.15,0.4,0.41,3.1,0.32,0.35,0.74,0.37,0.44,0.53,0.45,0.2,0.07,10.88,0.34,0.31,0.47,0.18,0.46,0.61
24-Oct,0.13,0.42,0.42,1.86,0.79,0.13,0.33,2.51,0.03,0.34,1.19,0.34,5.44,0.92,0.38,0.4,0.45,0.05,1.93,9.96,0.4,0.3,0.35,0.38,0.42,0.45
25-Oct,0.13,0.42,0.21,1.27,0.66,1.77,0.4,1.42,0.08,0.35,1.59,0.97,0.28,0.38,0.37,0.56,0.45,12.39,0.08,11.46,0.56,0.81,0.32,2.04,0.42,0.44
26-Oct,0.24,0.46,2.01,2.8,3.34,0.52,0.16,5.36,0.46,0.34,0.06,6.11,0.51,0.42,0.26,0.25,0.15,0.95,6.38,8.04,0.01,1.07,0.08,0.26,0.32,0.04
27-Oct,0.24,0.29,4.79,1.93,4.98,1.12,0.36,1.61,0.37,0.59,0.06,5.5,0.3,0.39,0.26,0.25,0.61,0.34,4.63,0.94,0.1,1.07,1.52,0.91,0.27,0.99
28-Oct,0.24,0.99,0.39,2.81,1.55,0.23,4.21,0.18,0.53,8.55,1.4,34.22,0.29,0.32,0.32,0.31,1.22,0.44,0.25,0.18,5.63,0.09,0.11,0.56,0.86,11.41
29-Oct,0.27,0.33,3.1,1.08,2.04,0.23,0.1,0.07,0.35,8.02,0.08,24.31,0.88,0.32,0.72,0.27,0.09,0.52,0.08,9.13,2.05,0.1,0.14,5.49,0.27,7
30-Oct,0.58,0.14,5.96,0.38,0.29,0.22,0.22,0.32,0.19,4.6,0.33,0.38,0.31,0.43,0.26,0.44,0.06,0.3,0.05,13.33,4.69,0.18,3,5.42,0.27,0.35
31-Oct,0.9,2.05,3.07,1.59,0.04,0.24,8.36,2.59,0.69,5.09,3.23,0.24,0.39,0.35,0.4,8.94,0.7,0.49,1.99,2.96,0.63,0.11,12.36,2.55,0.27,0.29
01-Nov,0.73,6.83,5.31,0.74,3.2,0.83,4.42,0.72,11.81,1.08,1.04,0.55,0.25,1.28,2.96,23.98,2.34,0.88,1.13,0.73,0.14,0.59,1.98,3.97,0.33,1.93
02-Nov,0.6,11.64,0.03,22.29,0.31,0.95,2.8,0.39,1.15,2.92,2.23,0.55,7.13,0.92,13.9,9.93,1.23,10.35,1.09,0.68,0.7,0.95,3.47,9.47,0.58,0.49
03-Nov,0.54,27.14,0.29,12.5,0.3,2.52,0.18,0.39,0.34,1.5,0.26,0.9,14.76,1.36,7.69,0.36,0.74,2.1,0.73,0.76,1.53,1.5,0.7,34.38,0.46,0.66
04-Nov,0.68,25.92,7.2,3.81,3.15,1.63,0.48,1.77,2.44,1.25,1.02,0.6,3.59,0.6,1.64,1.86,5.4,1.09,0.51,0.71,3.03,0.97,0.28,2.38,1.31,0.5
05-Nov,1,2.38,18.27,6.27,6.92,5.2,2.6,1.09,11.7,7.9,1.42,4.34,0.57,1.61,0.76,4.24,0.59,8.8,0.42,0.68,2.45,0.61,1.34,3.48,2.27,0.81
06-Nov,0.66,1.55,18.76,1.15,5.15,2.66,2.46,3.68,15.17,2.16,0.55,7.2,0.13,15.54,0.4,1.13,0.31,2.29,0.45,0.2,2.44,0.71,1.35,13.99,1.29,0.02
07-Nov,2.11,1.69,24.72,1.61,2.28,0.84,0.83,0.49,21.49,0.37,0.09,15.51,0.01,33.01,0.02,0.09,0.07,11.73,0.45,7.68,0.51,0.71,0.83,9.88,1.13,0.37
08-Nov,0.37,0.13,5.03,1.01,1.41,0.39,1.2,1.63,14.08,0.44,2.72,8.09,4.48,6.02,0.23,3.31,2.58,1.09,0.56,5.01,11.48,0.71,0.52,27.89,0.04,15.18
09-Nov,0.67,3.92,0.22,0.62,0.38,1.35,10.37,1.16,18.66,0.46,3.78,0.99,19.53,7.92,3.38,18.69,0.65,1.43,0.85,1,3.68,0.79,0.66,0.54,0.27,1.04
10-Nov,0.34,8.68,1.56,0.47,0.11,1.53,11.63,10.63,22.22,0.37,12.4,3.39,3.34,5.48,7.02,2.81,0.64,4.91,3.45,3.55,8.54,0.87,0.9,6.65,10.34,0.31
11-Nov,0.29,1.22,1.18,0.09,0.26,0.49,19.89,2.73,6.52,0.62,1.54,6.07,1,2.21,1.16,3.71,0.41,4.18,1.59,15.29,0.77,0.29,0.51,5.76,19.27,0.29
12-Nov,1.87,0.3,4.33,2.17,2.23,1.66,9.51,0.81,0.4,0.62,0.77,8,1.4,1.33,0.49,0.27,0.1,2.92,1.64,16.72,1.8,0.27,0.65,10.96,3.25,0.81
13-Nov,2.1,0.2,2.1,0.97,3.89,1.69,7.39,0.3,1.48,0.62,4.85,3.31,0.5,0.18,2.79,5.28,0.46,2.6,1.04,12.94,1.9,1.39,0.79,12.29,8.3,1.85
14-Nov,3.08,0.87,1.76,10.6,0.55,0.84,11.89,1.53,1.62,0.62,0.8,3.51,0.44,0.19,5.24,27.93,0.29,12.09,1.19,9.1,0.51,2.38,2.66,4.43,6.06,0.9
15-Nov,0.72,18.33,1.26,1.99,0.09,0.14,9.08,17.11,1.03,0.63,2.67,3.13,0.44,1.59,1.19,4.24,5,0.08,0.26,0.43,2.39,1.17,6.05,1.23,9.01,0.62
16-Nov,11.67,2.98,1.73,0.07,0.62,0.64,17.74,22.24,0.92,2.52,0.6,3.25,4.19,0.38,5.76,13.36,21.47,0.49,0.04,0.1,3.29,0.92,6.95,0.62,1.79,1.07
17-Nov,1.69,0.38,3.06,0.11,4.58,0.89,16.13,4.66,0.75,0.58,1.11,0.49,6.79,11.3,2.59,20.48,9.41,1.06,1.71,0.15,0.41,0.75,2.23,2.04,0.64,1.58
18-Nov,9.72,0.37,1.36,0.11,5.07,2.08,3.21,0.41,0.87,0.41,0.74,8.38,0.52,10.05,2.65,1.06,8.91,1.49,1.02,5.37,4.83,4.19,2.4,6.51,3.84,3.15
19-Nov,4.64,0.4,0.3,1.45,0.3,1.41,17.54,2.36,0.69,0.24,1.02,17.8,0.03,2.74,8.22,2.36,11.46,0.94,15.85,14.71,5.3,0.78,4.97,26.36,4.25,2.93
20-Nov,9.4,0.37,0.33,3.92,0.2,0.37,21.77,2.48,0.81,0.2,0.99,6.44,0.34,1.76,24.73,1.58,3.68,0.52,1.2,7.2,0.63,0.58,0.36,15.34,7.37,0.47
21-Nov,38.66,2.37,6.24,2.42,0.03,1.09,13.44,1.19,0.68,0.73,0.3,0.68,0.61,1.3,19.17,11.46,6.25,0.32,0.04,2.02,1.12,4.68,1.04,14.11,13.37,0.51
22-Nov,13.85,1.22,5.49,3.77,3,7.13,20.15,2.23,0.68,1.45,0.25,0,0.8,1.31,0.03,1.48,9.55,0.33,0.02,12.94,0.7,1.89,2.52,16.85,2.13,0.89
23-Nov,2.67,0.42,4.83,0.86,8.98,12.84,55.02,1.14,0.68,1.92,0.65,10.32,0.68,1,1.32,12.11,4.36,0.4,0.18,6.72,0.78,0.52,4.06,19.9,7.56,0.85
24-Nov,1.65,0.82,0.12,9.24,27.56,5.22,1.26,0.45,0.79,3.47,1.48,22.02,1.27,21.21,0,0.22,3.28,1.26,3.51,44.22,0.89,0.51,0.31,14.64,16.8,2.98
25-Nov,0.16,18.36,0.29,2.17,15.23,0.43,0.5,0.32,3.06,1.03,6.71,41.92,1.63,4.98,0.21,0.29,0.02,4.39,7.67,18.55,4.53,0.53,0.22,17.13,18.07,0.82
26-Nov,10.46,0.88,0.32,5.29,0.11,1.91,0.16,0.06,0.36,0.93,1.34,13.77,0.87,0.73,0.71,13.84,0.12,0.27,0.44,10.31,5.62,9.56,0.04,3.33,0.6,0.35
27-Nov,2.09,1.59,0.19,0.38,0.35,0.1,0.14,0.75,0.57,8.51,0.19,0.62,3.59,0.92,1.08,2.01,0.5,1.1,0.19,1.84,4.77,18.34,1.27,9.29,16.28,0.94
28-Nov,6.97,0.83,0.76,11.45,0.08,0.1,0.32,3.83,0.3,0.31,0.46,24.54,12.43,0.37,5.14,8.58,1.16,0.13,2.45,0.03,11.19,8.57,3.82,0.45,0.91,0.31
29-Nov,0.01,0.31,1.32,6.78,2.83,0.55,0.2,2.3,0.58,0.01,0.11,2.52,1.19,1.82,0.11,6.39,0.69,0.34,1.13,0.09,0.09,8.88,1.18,1.84,4.2,0.28
30-Nov,2.3,0.43,0.49,2.98,2.6,0.24,41.03,1.29,1.25,0.33,0.1,0.49,1.25,1.2,0.11,4.5,0.23,2.09,0.65,1.13,0.09,9.76,1.47,2.75,0.16,0.66
01-Dec,7.92,2.52,1.76,2.6,0.16,0.18,2.12,0.7,0.33,1.85,0.22,7.3,1.37,0.15,1.09,0.33,0.2,0.21,0.66,1.85,0.28,0.79,0.11,0.23,4.62,0.14
02-Dec,0.45,0.47,0.34,3.77,0.48,0.53,0.04,0.46,0.21,8.98,0.22,12.36,3.21,0.12,9.08,5.57,0.85,0.21,1.9,2.1,0.33,3.12,0.29,2.71,0.13,0.13
03-Dec,0.09,0.16,15.91,0.3,0.6,1.64,0.01,0.15,0.19,29.69,0.22,16.38,0.49,5.22,1.06,5.42,0.74,0.21,3.09,0.43,0.22,2.45,0.26,0.05,0.04,0.39
04-Dec,0.04,0.16,17.64,0.27,1.62,0.31,0.03,0.14,0.28,2.8,0.22,0.78,0.07,1.72,0.01,0.47,0.9,0.24,0.47,0.08,0.92,0.8,1.1,0.07,0.04,0.33
05-Dec,0.08,0.2,2.03,1.05,2.33,0.36,0.93,0.53,0.14,1.53,0.22,0.1,0.01,0.24,0.41,0.08,0.1,0.24,1.17,3.18,0.19,0.37,0.86,3.75,0.16,0.2
06-Dec,0.45,0.18,2.66,0.63,14.17,0.03,2.21,8.45,0.37,0.67,0.34,6.85,10.09,0.12,0.73,0.86,0.42,0.47,13.38,2.7,0.25,0.24,0.07,0.67,0.13,0.55
07-Dec,1.24,0.68,0.12,0.05,13.2,0.15,1.64,12.32,0.28,0.4,0.86,1.59,1.61,0.14,0.84,0.94,0.43,0.49,3.71,2.22,8.3,0.44,0.71,0.46,0.13,1.95
08-Dec,0.2,0.88,0.12,14.38,5.89,0.3,0.02,4.66,1.33,0.14,0.43,0.14,1.62,10.43,0.62,0.49,0.45,0.46,3.97,1.28,5.47,1.01,11.7,0.34,0.19,1.06
09-Dec,4.75,0.81,4.59,13.7,3.49,5.44,0.57,1.1,0.38,8.19,0.59,0.12,0.33,4.31,0.56,0.48,0.71,0.5,7.67,32.46,2.31,0.87,10.49,0.35,3.91,0.44
10-Dec,0.84,0.28,0.16,1.55,1.65,0.53,0.6,8.47,0.23,2.44,1.68,0.13,0.01,1.86,0.44,0.46,0.76,0.46,13.74,1.56,0.1,0.29,5.44,0.74,0.21,0.37
11-Dec,0.55,9.25,1.63,8.23,0.26,1.33,1.2,7.46,0.36,8.41,4.22,0.13,2.72,2.12,1.03,0.13,4.13,0.31,2.75,2.51,0.36,0.01,4.09,0.37,0.4,0.12
12-Dec,0.47,0.78,0.72,0.05,0.02,0.35,12.8,3.38,0.28,5.94,0.35,0.73,3.01,0.37,0.66,0.14,6.99,0.32,22.01,4.8,0.36,0.03,2.15,0.35,0.37,5.93
13-Dec,0.51,1.47,2.96,0.02,1.16,0.34,23.18,0.57,0.37,3.3,0.34,0.38,0.18,0.59,0.19,0.29,0.35,0.5,11.47,3.18,0.36,0.82,0.43,0.34,0.35,7.39
14-Dec,0.23,2.39,1.07,0.02,2.17,0.36,4.19,0.26,0.29,1.96,0.26,0.72,1.9,0.32,0.1,3.07,0.51,0.37,6.61,0.99,0.36,1.24,0.37,2.53,0.35,0.55
15-Dec,0.23,1.21,0.71,0.02,0.56,0.35,0.76,0.28,0.55,0.3,0.18,7.77,0.21,0.33,0.1,5.6,0.11,0.32,0.76,4.12,0.36,1.38,0.85,4.43,0.35,0.07
16-Dec,1.93,0.44,2.44,0.27,0.32,0.28,0.18,0.28,0.27,0.26,0.3,1.08,2.44,0.88,0.29,0.9,0.26,0.09,0.28,0.24,0.07,0.93,0.3,0.33,0.19,0.38
17-Dec,2.18,1.53,0.19,0.27,0.27,0.32,29.4,0.28,0.27,0.26,0.29,1.13,1.54,0.34,0.29,7,0.45,0.2,0.33,1.41,0.07,2.34,0.29,0.16,0.48,0.3
18-Dec,0.05,2.83,2.03,0.27,0.3,0.29,1.65,0.28,0.38,0.28,0.29,0.23,4.95,0.17,0.3,5.15,0.26,1.84,0.28,0.12,0.07,13.27,0.28,0.63,0.19,6.4
19-Dec,1.25,0.9,2.24,0.27,0.27,0.28,6.22,0.28,0.27,0.26,0.29,0.24,0,0.54,0.29,7.92,0.26,0.34,0.28,0.11,0.29,1.51,0.28,0.15,1.61,0.89
20-Dec,3.49,0.08,3.14,0.36,0.29,0.27,0.69,0.31,0.27,0.38,0.29,0.25,0.34,0.29,0.29,0.45,0.39,0.05,0.28,1.86,2.21,9.42,0.29,0.19,0.37,0.82
21-Dec,1.1,0.65,14.87,0.84,0.65,0.6,0.56,0.67,0.23,0.82,0.6,0.73,2.73,0.96,0.57,0.26,1.52,0.39,0.54,12.57,0.94,18.68,0.7,0.27,1.71,0.66
22-Dec,0.84,0.6,0.55,0.62,0.51,0.57,0.26,0.78,0.49,0.18,0.6,0.76,0.45,0.51,0.57,0.25,0.32,0.22,0.58,7.51,0.23,8.83,1.15,5.22,0.68,1.02
23-Dec,0.36,0.66,1.32,0.53,0.55,0.68,0.47,0.51,5.19,1.78,0.6,0.52,2.59,0.51,0.57,0.58,0.12,0.1,0.51,0.34,8.46,4.18,0.46,3.99,1.82,2.52
24-Dec,0.57,0.8,0.68,0.53,1.04,0.58,2.67,0.51,0.23,1.36,0.6,0.57,9.79,0.51,0.59,0.43,0.59,1.34,0.54,0.96,0.43,5.37,0.46,1.62,0.31,0.24
25-Dec,0.36,0.41,0.24,0.53,0.48,0.57,1.86,0.52,0.4,2.54,0.6,0.54,2.12,0.51,0.7,3.37,2.01,0.94,0.82,0.11,0.06,10.43,0.46,0.48,0.3,0.16
26-Dec,0.92,0.34,0.98,0.08,1.17,0.42,4.34,0.03,0.61,1.33,1.5,1.44,1.04,0.52,0.48,3.27,1.28,0.41,1.25,0.37,0,2.17,0.45,0.16,0.45,0.27
27-Dec,0.37,1.11,3.35,0.05,0.32,0.42,0.16,0.26,0.09,7.29,0.91,1.25,7.99,0.63,0.46,1.7,0.19,0.41,0.33,0.37,0,0.93,0.64,0.07,0.52,0.27
28-Dec,0.39,0.34,1.28,0.04,0.32,0.42,0.48,0.74,0.87,1.59,0.54,0.31,24.13,0.46,0.46,0.1,0.27,0.41,0.24,0.44,0,7.09,0.41,12.33,0.47,0.65
29-Dec,0.37,0.34,0.4,0.04,0.34,0.42,0.84,0.05,0.46,0.26,0.16,0.27,1.75,0.4,0.46,0.1,0.51,0.79,0.47,0.53,0,0.59,0.52,10.62,0.43,0.81
30-Dec,0.37,0.34,2.43,1.1,0.32,0.61,7.27,1.47,1.41,0.14,0.24,0.26,0.49,0.4,0.46,0.1,0.35,0.47,0.27,0.44,23.8,0.02,0.38,4.86,0.45,0.76
31-Dec,0.37,0.34,1.08,2.57,0.32,0.49,2.07,3.69,0.02,0.1,0.16,0.26,0.14,0.4,0.47,0.1,0.2,0.41,0.43,0.67,7.76,0.02,0.38,0.06,0.46,0.32
